{
  "id": "/subscriptions/a8157168-1871-4076-a9f8-609f02c862ac/resourceGroups/MariBelajar-RG/providers/Microsoft.Resources/deployments/CreateVm-bitnami.moodle-3-0-20211125033919",
  "name": "CreateVm-bitnami.moodle-3-0-20211125033919",
  "type": "Microsoft.Resources/deployments",
  "tags": {
    "primaryResourceId": "/subscriptions/a8157168-1871-4076-a9f8-609f02c862ac/resourcegroups/MariBelajar-RG/providers/Microsoft.Compute/virtualMachines/MariBelajar-VM",
    "marketplaceItemId": "bitnami.moodle3-0",
    "provisioningHash": "SolutionProvider"
  },
  "properties": {
    "templateHash": "5838671528229358694",
    "parameters": {
      "location": {
        "type": "String",
        "value": "southeastasia"
      },
      "networkInterfaceName": {
        "type": "String",
        "value": "maribelajar-vm249"
      },
      "networkSecurityGroupName": {
        "type": "String",
        "value": "MariBelajar-VM-nsg"
      },
      "networkSecurityGroupRules": {
        "type": "Array",
        "value": [
          {
            "name": "HTTP",
            "properties": {
              "priority": 1010,
              "protocol": "TCP",
              "access": "Allow",
              "direction": "Inbound",
              "sourceApplicationSecurityGroups": [],
              "destinationApplicationSecurityGroups": [],
              "sourceAddressPrefix": "*",
              "sourcePortRange": "*",
              "destinationAddressPrefix": "*",
              "destinationPortRange": "80"
            }
          },
          {
            "name": "HTTPS",
            "properties": {
              "priority": 1020,
              "protocol": "TCP",
              "access": "Allow",
              "direction": "Inbound",
              "sourceApplicationSecurityGroups": [],
              "destinationApplicationSecurityGroups": [],
              "sourceAddressPrefix": "*",
              "sourcePortRange": "*",
              "destinationAddressPrefix": "*",
              "destinationPortRange": "443"
            }
          },
          {
            "name": "SSH",
            "properties": {
              "priority": 1030,
              "protocol": "TCP",
              "access": "Allow",
              "direction": "Inbound",
              "sourceApplicationSecurityGroups": [],
              "destinationApplicationSecurityGroups": [],
              "sourceAddressPrefix": "*",
              "sourcePortRange": "*",
              "destinationAddressPrefix": "*",
              "destinationPortRange": "22"
            }
          }
        ]
      },
      "subnetName": {
        "type": "String",
        "value": "default"
      },
      "virtualNetworkName": {
        "type": "String",
        "value": "MariBelajar-RG-vnet"
      },
      "addressPrefixes": {
        "type": "Array",
        "value": [
          "10.0.0.0/16"
        ]
      },
      "subnets": {
        "type": "Array",
        "value": [
          {
            "name": "default",
            "properties": {
              "addressPrefix": "10.0.0.0/24"
            }
          }
        ]
      },
      "publicIpAddressName": {
        "type": "String",
        "value": "MariBelajar-VM-ip"
      },
      "publicIpAddressType": {
        "type": "String",
        "value": "Dynamic"
      },
      "publicIpAddressSku": {
        "type": "String",
        "value": "Basic"
      },
      "virtualMachineName": {
        "type": "String",
        "value": "MariBelajar-VM"
      },
      "virtualMachineComputerName": {
        "type": "String",
        "value": "MariBelajar-VM"
      },
      "virtualMachineRG": {
        "type": "String",
        "value": "MariBelajar-RG"
      },
      "osDiskType": {
        "type": "String",
        "value": "Premium_LRS"
      },
      "virtualMachineSize": {
        "type": "String",
        "value": "Standard_B2s"
      },
      "adminUsername": {
        "type": "String",
        "value": "dhivaps981"
      },
      "adminPassword": {
        "type": "SecureString"
      }
    },
    "mode": "Incremental",
    "debugSetting": {
      "detailLevel": "None"
    },
    "provisioningState": "Succeeded",
    "timestamp": "2021-11-25T08:43:50.2055609Z",
    "duration": "PT1M2.0456635S",
    "correlationId": "475c616d-dcd3-4898-86cb-fc7ef0679dca",
    "providers": [
      {
        "namespace": "Microsoft.Network",
        "resourceTypes": [
          {
            "resourceType": "networkInterfaces",
            "locations": [
              "southeastasia"
            ]
          },
          {
            "resourceType": "networkSecurityGroups",
            "locations": [
              "southeastasia"
            ]
          },
          {
            "resourceType": "virtualNetworks",
            "locations": [
              "southeastasia"
            ]
          },
          {
            "resourceType": "publicIpAddresses",
            "locations": [
              "southeastasia"
            ]
          }
        ]
      },
      {
        "namespace": "Microsoft.Compute",
        "resourceTypes": [
          {
            "resourceType": "virtualMachines",
            "locations": [
              "southeastasia"
            ]
          }
        ]
      }
    ],
    "dependencies": [
      {
        "dependsOn": [
          {
            "id": "/subscriptions/a8157168-1871-4076-a9f8-609f02c862ac/resourceGroups/MariBelajar-RG/providers/Microsoft.Network/networkSecurityGroups/MariBelajar-VM-nsg",
            "resourceType": "Microsoft.Network/networkSecurityGroups",
            "resourceName": "MariBelajar-VM-nsg"
          },
          {
            "id": "/subscriptions/a8157168-1871-4076-a9f8-609f02c862ac/resourceGroups/MariBelajar-RG/providers/Microsoft.Network/virtualNetworks/MariBelajar-RG-vnet",
            "resourceType": "Microsoft.Network/virtualNetworks",
            "resourceName": "MariBelajar-RG-vnet"
          },
          {
            "id": "/subscriptions/a8157168-1871-4076-a9f8-609f02c862ac/resourceGroups/MariBelajar-RG/providers/Microsoft.Network/publicIpAddresses/MariBelajar-VM-ip",
            "resourceType": "Microsoft.Network/publicIpAddresses",
            "resourceName": "MariBelajar-VM-ip"
          }
        ],
        "id": "/subscriptions/a8157168-1871-4076-a9f8-609f02c862ac/resourceGroups/MariBelajar-RG/providers/Microsoft.Network/networkInterfaces/maribelajar-vm249",
        "resourceType": "Microsoft.Network/networkInterfaces",
        "resourceName": "maribelajar-vm249"
      },
      {
        "dependsOn": [
          {
            "id": "/subscriptions/a8157168-1871-4076-a9f8-609f02c862ac/resourceGroups/MariBelajar-RG/providers/Microsoft.Network/networkInterfaces/maribelajar-vm249",
            "resourceType": "Microsoft.Network/networkInterfaces",
            "resourceName": "maribelajar-vm249"
          }
        ],
        "id": "/subscriptions/a8157168-1871-4076-a9f8-609f02c862ac/resourceGroups/MariBelajar-RG/providers/Microsoft.Compute/virtualMachines/MariBelajar-VM",
        "resourceType": "Microsoft.Compute/virtualMachines",
        "resourceName": "MariBelajar-VM"
      }
    ],
    "outputs": {
      "adminUsername": {
        "type": "String",
        "value": "dhivaps981"
      }
    },
    "outputResources": [
      {
        "id": "/subscriptions/a8157168-1871-4076-a9f8-609f02c862ac/resourceGroups/MariBelajar-RG/providers/Microsoft.Compute/virtualMachines/MariBelajar-VM"
      },
      {
        "id": "/subscriptions/a8157168-1871-4076-a9f8-609f02c862ac/resourceGroups/MariBelajar-RG/providers/Microsoft.Network/networkInterfaces/maribelajar-vm249"
      },
      {
        "id": "/subscriptions/a8157168-1871-4076-a9f8-609f02c862ac/resourceGroups/MariBelajar-RG/providers/Microsoft.Network/networkSecurityGroups/MariBelajar-VM-nsg"
      },
      {
        "id": "/subscriptions/a8157168-1871-4076-a9f8-609f02c862ac/resourceGroups/MariBelajar-RG/providers/Microsoft.Network/publicIpAddresses/MariBelajar-VM-ip"
      },
      {
        "id": "/subscriptions/a8157168-1871-4076-a9f8-609f02c862ac/resourceGroups/MariBelajar-RG/providers/Microsoft.Network/virtualNetworks/MariBelajar-RG-vnet"
      }
    ],
    "validationLevel": "Template"
  }
}