[
  {
    "id": "/subscriptions/a8157168-1871-4076-a9f8-609f02c862ac/resourceGroups/MariBelajar-RG/providers/Microsoft.Resources/deployments/CreateVm-bitnami.moodle-3-0-20211125033919/operations/CFF1C8079867B8B1",
    "operationId": "CFF1C8079867B8B1",
    "properties": {
      "provisioningOperation": "Create",
      "provisioningState": "Succeeded",
      "timestamp": "2021-11-25T08:43:49.8745632Z",
      "duration": "PT22.465237S",
      "trackingId": "b7b83787-9110-4f1b-bfe2-921fb4a1a1db",
      "serviceRequestId": "cd8fd05f-4594-4448-b2d0-1653eb409064",
      "statusCode": "OK",
      "targetResource": {
        "id": "/subscriptions/a8157168-1871-4076-a9f8-609f02c862ac/resourceGroups/MariBelajar-RG/providers/Microsoft.Compute/virtualMachines/MariBelajar-VM",
        "resourceType": "Microsoft.Compute/virtualMachines",
        "resourceName": "MariBelajar-VM"
      }
    }
  },
  {
    "id": "/subscriptions/a8157168-1871-4076-a9f8-609f02c862ac/resourceGroups/MariBelajar-RG/providers/Microsoft.Resources/deployments/CreateVm-bitnami.moodle-3-0-20211125033919/operations/7BCE12F21AD794B5",
    "operationId": "7BCE12F21AD794B5",
    "properties": {
      "provisioningOperation": "Create",
      "provisioningState": "Succeeded",
      "timestamp": "2021-11-25T08:43:31.4213155Z",
      "duration": "PT4.0119893S",
      "trackingId": "580ba389-322c-4686-89c1-7b6d347ac0d0",
      "serviceRequestId": "64f12e2e-a28a-4c76-9d81-5c2a6a8d78de",
      "statusCode": "Created",
      "targetResource": {
        "id": "/subscriptions/a8157168-1871-4076-a9f8-609f02c862ac/resourceGroups/MariBelajar-RG/providers/Microsoft.Network/networkInterfaces/maribelajar-vm249",
        "resourceType": "Microsoft.Network/networkInterfaces",
        "resourceName": "maribelajar-vm249"
      }
    }
  },
  {
    "id": "/subscriptions/a8157168-1871-4076-a9f8-609f02c862ac/resourceGroups/MariBelajar-RG/providers/Microsoft.Resources/deployments/CreateVm-bitnami.moodle-3-0-20211125033919/operations/02BC6714030A0788",
    "operationId": "02BC6714030A0788",
    "properties": {
      "provisioningOperation": "Create",
      "provisioningState": "Succeeded",
      "timestamp": "2021-11-25T08:43:27.3605575Z",
      "duration": "PT33.1499501S",
      "trackingId": "e33d114e-d5c2-40a1-b456-8770599e170a",
      "serviceRequestId": "33ed72de-a82a-409e-9437-40d897c746f0",
      "statusCode": "OK",
      "targetResource": {
        "id": "/subscriptions/a8157168-1871-4076-a9f8-609f02c862ac/resourceGroups/MariBelajar-RG/providers/Microsoft.Network/publicIpAddresses/MariBelajar-VM-ip",
        "resourceType": "Microsoft.Network/publicIpAddresses",
        "resourceName": "MariBelajar-VM-ip"
      }
    }
  },
  {
    "id": "/subscriptions/a8157168-1871-4076-a9f8-609f02c862ac/resourceGroups/MariBelajar-RG/providers/Microsoft.Resources/deployments/CreateVm-bitnami.moodle-3-0-20211125033919/operations/C168BBAEFE8A05CD",
    "operationId": "C168BBAEFE8A05CD",
    "properties": {
      "provisioningOperation": "Create",
      "provisioningState": "Succeeded",
      "timestamp": "2021-11-25T08:43:24.6100037Z",
      "duration": "PT30.3993963S",
      "trackingId": "7b2a7254-a47a-45a8-bc09-e3bbc0dfd9a1",
      "serviceRequestId": "7ca62a74-518e-4552-802c-ca19502126f6",
      "statusCode": "OK",
      "targetResource": {
        "id": "/subscriptions/a8157168-1871-4076-a9f8-609f02c862ac/resourceGroups/MariBelajar-RG/providers/Microsoft.Network/networkSecurityGroups/MariBelajar-VM-nsg",
        "resourceType": "Microsoft.Network/networkSecurityGroups",
        "resourceName": "MariBelajar-VM-nsg"
      }
    }
  },
  {
    "id": "/subscriptions/a8157168-1871-4076-a9f8-609f02c862ac/resourceGroups/MariBelajar-RG/providers/Microsoft.Resources/deployments/CreateVm-bitnami.moodle-3-0-20211125033919/operations/A10AFE693BBF9BB0",
    "operationId": "A10AFE693BBF9BB0",
    "properties": {
      "provisioningOperation": "Create",
      "provisioningState": "Succeeded",
      "timestamp": "2021-11-25T08:43:26.2732025Z",
      "duration": "PT32.0625951S",
      "trackingId": "6d75bc45-ffd9-4de6-8a00-8051ce553dbb",
      "serviceRequestId": "b207b097-3d3b-4665-bc19-9cb8e9d27b37",
      "statusCode": "OK",
      "targetResource": {
        "id": "/subscriptions/a8157168-1871-4076-a9f8-609f02c862ac/resourceGroups/MariBelajar-RG/providers/Microsoft.Network/virtualNetworks/MariBelajar-RG-vnet",
        "resourceType": "Microsoft.Network/virtualNetworks",
        "resourceName": "MariBelajar-RG-vnet"
      }
    }
  },
  {
    "id": "/subscriptions/a8157168-1871-4076-a9f8-609f02c862ac/resourceGroups/MariBelajar-RG/providers/Microsoft.Resources/deployments/CreateVm-bitnami.moodle-3-0-20211125033919/operations/08585637771173177733",
    "operationId": "08585637771173177733",
    "properties": {
      "provisioningOperation": "EvaluateDeploymentOutput",
      "provisioningState": "Succeeded",
      "timestamp": "2021-11-25T08:43:50.1879498Z",
      "duration": "PT22.7786236S",
      "trackingId": "fd77518c-3fe2-411a-9f54-ae43ed2a4d3a",
      "statusCode": "OK"
    }
  }
]